Cluster,Centroid,Member
0,35.48039215686274,102
1,162.375,32
2,77.57333333333334,225
