penjualan,persediaan,produksi
1.0,-0.14154461451101322,0.011205157541429304
-0.14154461451101322,1.0,0.19899871960261986
0.011205157541429304,0.19899871960261986,1.0
