Fitur,R2,VIF
Penjualan,-1.7217346514158978,0.3674127452063636
Persediaan,-0.00011005251879447897,0.9998899595914297
