Fitur,R2,VIF
Penjualan,-94.96339693216244,0.01042063986862523
Persediaan,-12.288391033403853,0.07525365542647247
